{
  "paragraphs": [
    {
      "text": "%md #Git Notebook\nThis notebook help you to setup the git source control system to control your notebook code\nFirst you will need to get the key of this server and add it to your git server account, to do that you will need to execute the following command",
      "dateUpdated": "Aug 18, 2016 1:28:26 PM",
      "config": {
        "colWidth": 12.0,
        "editorMode": "ace/mode/markdown",
        "editorHide": true,
        "graph": {
          "mode": "table",
          "height": 300.0,
          "optionOpen": false,
          "keys": [],
          "values": [],
          "groups": [],
          "scatter": {}
        }
      },
      "settings": {
        "params": {},
        "forms": {}
      },
      "jobName": "paragraph_1471537706453_1021865185",
      "id": "20150923-181952_726043864",
      "result": {
        "code": "SUCCESS",
        "type": "HTML",
        "msg": "\u003ch1\u003eGit Notebook\u003c/h1\u003e\n\u003cp\u003eThis notebook help you to setup the git source control system to control your notebook code\n\u003cbr  /\u003eFirst you will need to get the key of this server and add it to your git server account, to do that you will need to execute the following command\u003c/p\u003e\n"
      },
      "dateCreated": "Aug 18, 2016 1:28:26 PM",
      "status": "READY",
      "errorMessage": "",
      "progressUpdateIntervalMs": 500
    },
    {
      "text": "%sh cat ~/.ssh/id_rsa.pub",
      "dateUpdated": "Aug 18, 2016 1:28:26 PM",
      "config": {
        "colWidth": 12.0,
        "graph": {
          "mode": "table",
          "height": 300.0,
          "optionOpen": false,
          "keys": [],
          "values": [],
          "groups": [],
          "scatter": {}
        }
      },
      "settings": {
        "params": {},
        "forms": {}
      },
      "jobName": "paragraph_1471537706453_1021865185",
      "id": "20150923-183455_143790040",
      "dateCreated": "Aug 18, 2016 1:28:26 PM",
      "status": "READY",
      "errorMessage": "",
      "progressUpdateIntervalMs": 500
    },
    {
      "text": "%md The second step is to add your git server to the know_hosts file. Remember to change the YOUR_GIT_HOST to the host of your git server",
      "dateUpdated": "Aug 18, 2016 1:28:26 PM",
      "config": {
        "colWidth": 12.0,
        "editorMode": "ace/mode/markdown",
        "editorHide": true,
        "graph": {
          "mode": "table",
          "height": 300.0,
          "optionOpen": false,
          "keys": [],
          "values": [],
          "groups": [],
          "scatter": {}
        }
      },
      "settings": {
        "params": {},
        "forms": {}
      },
      "jobName": "paragraph_1471537706453_1021865185",
      "id": "20150923-183651_959310135",
      "result": {
        "code": "SUCCESS",
        "type": "HTML",
        "msg": "\u003cp\u003eThe second step is to add your git server to the know_hosts file. Remember to change the YOUR_GIT_HOST to the host of your git server\u003c/p\u003e\n"
      },
      "dateCreated": "Aug 18, 2016 1:28:26 PM",
      "status": "READY",
      "errorMessage": "",
      "progressUpdateIntervalMs": 500
    },
    {
      "text": "%sh ssh-keyscan YOUR_GIT_HOST \u003e\u003e ~/.ssh/known_hosts",
      "dateUpdated": "Aug 18, 2016 1:28:26 PM",
      "config": {
        "colWidth": 12.0,
        "graph": {
          "mode": "table",
          "height": 300.0,
          "optionOpen": false,
          "keys": [],
          "values": [],
          "groups": [],
          "scatter": {}
        }
      },
      "settings": {
        "params": {},
        "forms": {}
      },
      "jobName": "paragraph_1471537706454_1023019431",
      "id": "20150923-183356_2025749656",
      "result": {
        "code": "ERROR",
        "type": "TEXT",
        "msg": "Process exited with an error: 255 (Exit value: 255)"
      },
      "dateCreated": "Aug 18, 2016 1:28:26 PM",
      "status": "READY",
      "errorMessage": "",
      "progressUpdateIntervalMs": 500
    },
    {
      "text": "%md Now you are able to clone your repositories like you do in a normal shell.",
      "dateUpdated": "Aug 18, 2016 1:28:26 PM",
      "config": {
        "colWidth": 12.0,
        "editorMode": "ace/mode/markdown",
        "editorHide": true,
        "graph": {
          "mode": "table",
          "height": 300.0,
          "optionOpen": false,
          "keys": [],
          "values": [],
          "groups": [],
          "scatter": {}
        }
      },
      "settings": {
        "params": {},
        "forms": {}
      },
      "jobName": "paragraph_1471537706454_1023019431",
      "id": "20150923-183759_732545816",
      "result": {
        "code": "SUCCESS",
        "type": "HTML",
        "msg": "\u003cp\u003eNow you are able to clone your repositories like you do in a normal shell.\u003c/p\u003e\n"
      },
      "dateCreated": "Aug 18, 2016 1:28:26 PM",
      "status": "READY",
      "errorMessage": "",
      "progressUpdateIntervalMs": 500
    },
    {
      "text": "%sh cd /usr/share/zeppelin/notebook\ngit clone git@YOUR_GIT_HOST/YOUR_GIT.git",
      "dateUpdated": "Aug 18, 2016 1:28:26 PM",
      "config": {
        "colWidth": 12.0,
        "editorMode": "ace/mode/sh",
        "graph": {
          "mode": "table",
          "height": 300.0,
          "optionOpen": false,
          "keys": [],
          "values": [],
          "groups": [],
          "scatter": {}
        }
      },
      "settings": {
        "params": {},
        "forms": {}
      },
      "jobName": "paragraph_1471537706454_1023019431",
      "id": "20150923-182004_212850517",
      "result": {
        "code": "ERROR",
        "type": "TEXT",
        "msg": "Process exited with an error: 128 (Exit value: 128)"
      },
      "dateCreated": "Aug 18, 2016 1:28:26 PM",
      "status": "READY",
      "errorMessage": "",
      "progressUpdateIntervalMs": 500
    },
    {
      "dateUpdated": "Aug 18, 2016 1:28:26 PM",
      "config": {},
      "settings": {
        "params": {},
        "forms": {}
      },
      "jobName": "paragraph_1471537706454_1023019431",
      "id": "20150923-182728_361865828",
      "dateCreated": "Aug 18, 2016 1:28:26 PM",
      "status": "READY",
      "errorMessage": "",
      "progressUpdateIntervalMs": 500
    }
  ],
  "name": "shell",
  "id": "2BWC5P64A",
  "angularObjects": {
    "2BWDJCF3T:shared_process": [],
    "2BW5FW69D:shared_process": [],
    "2BVVEQ63A:shared_process": [],
    "2BT4MURYJ:shared_process": []
  },
  "config": {},
  "info": {}
}