{
  "paragraphs": [
    {
      "text": "%md ##Dados\nOs dados são da Rossman, uma farmácia com 3000 lojas espalhadas por 7 países europeus. Eles disponibilizaram as vendas diárias de mais de 2 anos  para uma [competição no kaggle](https://www.kaggle.com/c/rossmann-store-sales).\nO objetivo da competição era prever as vendas futuras com a maior acurácia possivel. As vendas podem ser influenciadas por vários fatores como promoções,competitividade, feriados escolares e nacionais. \n",
      "dateUpdated": "Aug 18, 2016 1:29:27 PM",
      "config": {
        "colWidth": 12.0,
        "editorMode": "ace/mode/markdown",
        "editorHide": true,
        "graph": {
          "mode": "table",
          "height": 300.0,
          "optionOpen": false,
          "keys": [],
          "values": [],
          "groups": [],
          "scatter": {}
        },
        "enabled": true
      },
      "settings": {
        "params": {},
        "forms": {}
      },
      "jobName": "paragraph_1471537767153_-877011844",
      "id": "20160326-223134_259948497",
      "result": {
        "code": "SUCCESS",
        "type": "HTML",
        "msg": "\u003ch2\u003eDados\u003c/h2\u003e\n\u003cp\u003eOs dados são da Rossman, uma farmácia com 3000 lojas espalhadas por 7 países europeus. Eles disponibilizaram as vendas diárias de mais de 2 anos  para uma \u003ca href\u003d\"https://www.kaggle.com/c/rossmann-store-sales\"\u003ecompetição no kaggle\u003c/a\u003e.\n\u003cbr  /\u003eO objetivo da competição era prever as vendas futuras com a maior acurácia possivel. As vendas podem ser influenciadas por vários fatores como promoções,competitividade, feriados escolares e nacionais.\u003c/p\u003e\n"
      },
      "dateCreated": "Aug 18, 2016 1:29:27 PM",
      "status": "READY",
      "errorMessage": "",
      "progressUpdateIntervalMs": 500
    },
    {
      "text": "%md ##Criação do Cluster",
      "dateUpdated": "Aug 18, 2016 1:29:27 PM",
      "config": {
        "colWidth": 12.0,
        "editorMode": "ace/mode/markdown",
        "editorHide": true,
        "graph": {
          "mode": "table",
          "height": 300.0,
          "optionOpen": false,
          "keys": [],
          "values": [],
          "groups": [],
          "scatter": {}
        },
        "enabled": true
      },
      "settings": {
        "params": {},
        "forms": {}
      },
      "jobName": "paragraph_1471537767153_-877011844",
      "id": "20160326-223134_1355215229",
      "result": {
        "code": "SUCCESS",
        "type": "HTML",
        "msg": "\u003ch2\u003eCriação do Cluster\u003c/h2\u003e\n"
      },
      "dateCreated": "Aug 18, 2016 1:29:27 PM",
      "status": "READY",
      "errorMessage": "",
      "progressUpdateIntervalMs": 500
    },
    {
      "text": "ClusterSettings.coreInstanceCount \u003d 5\nClusterSettings.executorMemory\u003dSome(\"3g\")\nuc.sparkContext",
      "dateUpdated": "Aug 18, 2016 1:29:27 PM",
      "config": {
        "colWidth": 12.0,
        "editorMode": "ace/mode/scala",
        "graph": {
          "mode": "table",
          "height": 300.0,
          "optionOpen": false,
          "keys": [],
          "values": [],
          "groups": [],
          "scatter": {}
        },
        "enabled": true
      },
      "settings": {
        "params": {},
        "forms": {}
      },
      "jobName": "paragraph_1471537767153_-877011844",
      "id": "20160326-223134_99058170",
      "result": {
        "code": "SUCCESS",
        "type": "TEXT",
        "msg": "ClusterSettings.coreInstanceCount: Int \u003d 5\nClusterSettings.executorMemory: Option[String] \u003d Some(3g)\nSearching for existing cluster IUberdataApplication ...\nRequesting 5 slaves as spot instances with price $0.026/hour each (total $0.128/hour)\nWaiting for spot instances to be granted\nAll 5 slaves granted\nRequesting master as spot instances with price $0.026/hour\nWaiting for spot instance to be granted\nMaster granted\nWaiting for instances to start up...\nProvisioning took 5.765 minutes\nssh: connect to host ip-172-31-22-16.us-west-2.compute.internal port 22: Connection refused\nssh: connect to host ip-172-31-22-16.us-west-2.compute.internal port 22: Connection refused\nssh: connect to host ip-172-31-22-16.us-west-2.compute.internal port 22: Connection refused\nConnection to ip-172-31-22-16.us-west-2.compute.internal closed.\nTransferring cluster\u0027s SSH key to slaves...\nConnection to ip-172-31-22-16.us-west-2.compute.internal closed.\nDeploying files to master... \nRunning setup on master... \nConnection to ip-172-31-22-16.us-west-2.compute.internal closed.\nConnection to ip-172-31-22-16.us-west-2.compute.internal closed.\nSpark standalone cluster started at http://ec2-52-34-242-171.us-west-2.compute.amazonaws.com:8080\nGanglia started at http://ec2-52-34-242-171.us-west-2.compute.amazonaws.com:5080/ganglia\n\u003copen file \u0027\u003cstderr\u003e\u0027, mode \u0027w\u0027 at 0x7fe7fc1481e0\u003e Done!\nSetup took 12.664 minutes\nres0: org.apache.spark.SparkContext \u003d org.apache.spark.SparkContext@7dce95e9\n"
      },
      "dateCreated": "Aug 18, 2016 1:29:27 PM",
      "status": "READY",
      "errorMessage": "",
      "progressUpdateIntervalMs": 500
    },
    {
      "text": "%md ## Preparação dos Dados",
      "dateUpdated": "Aug 18, 2016 1:29:27 PM",
      "config": {
        "colWidth": 12.0,
        "editorMode": "ace/mode/markdown",
        "editorHide": true,
        "graph": {
          "mode": "table",
          "height": 300.0,
          "optionOpen": false,
          "keys": [],
          "values": [],
          "groups": [],
          "scatter": {}
        },
        "enabled": true
      },
      "settings": {
        "params": {},
        "forms": {}
      },
      "jobName": "paragraph_1471537767154_-875857597",
      "id": "20160326-223134_1723190141",
      "result": {
        "code": "SUCCESS",
        "type": "HTML",
        "msg": "\u003ch2\u003ePreparação dos Dados\u003c/h2\u003e\n"
      },
      "dateCreated": "Aug 18, 2016 1:29:27 PM",
      "status": "READY",
      "errorMessage": "",
      "progressUpdateIntervalMs": 500
    },
    {
      "text": "// ML Feature Creation, Tuning, Models, and Model Evaluation\nimport org.apache.spark.ml.feature.{StringIndexer, VectorAssembler, OneHotEncoder}\nimport org.apache.spark.ml.tuning.{ParamGridBuilder, TrainValidationSplit}\nimport org.apache.spark.ml.evaluation.{RegressionEvaluator}\nimport org.apache.spark.ml.regression.{LinearRegression}\nimport org.apache.spark.ml.Pipeline\nimport org.apache.spark.mllib.evaluation.RegressionMetrics\nimport eleflow.uberdata.core.data.Dataset._\nimport eleflow.uberdata.core.data.Dataset\nimport org.apache.spark.sql.types.StructType\nimport org.apache.spark.sql.types.StructType._\nimport org.apache.spark.sql.types._\nval stateHolidayIndexer \u003d new StringIndexer().setInputCol(\"StateHoliday\").setOutputCol(\"StateHolidayIndex\")\nval schoolHolidayIndexer \u003d new StringIndexer().setInputCol(\"SchoolHoliday\").setOutputCol(\"SchoolHolidayIndex\")\nval stateHolidayEncoder \u003d new OneHotEncoder().setInputCol(\"StateHolidayIndex\").setOutputCol(\"StateHolidayVec\")\nval schoolHolidayEncoder \u003d new OneHotEncoder().setInputCol(\"SchoolHolidayIndex\").setOutputCol(\"SchoolHolidayVec\")\nval stateHolidayEncoder \u003d new OneHotEncoder().setInputCol(\"StateHoliday\").setOutputCol(\"StateHolidayVec\")\nval schoolHolidayEncoder \u003d new OneHotEncoder().setInputCol(\"SchoolHoliday\").setOutputCol(\"SchoolHolidayVec\")\nval dayOfMonthEncoder \u003d new OneHotEncoder().setInputCol(\"DayOfMonth\").setOutputCol(\"DayOfMonthVec\")\nval dayOfWeekEncoder \u003d new OneHotEncoder().setInputCol(\"DayOfWeek\").setOutputCol(\"DayOfWeekVec\")\nval storeEncoder \u003d new OneHotEncoder().setInputCol(\"Store\").setOutputCol(\"StoreVec\")\nval assembler \u003d new VectorAssembler()\n  .setInputCols(Array(\"StoreVec\", \"DayOfWeekVec\", \"Open\",\n    \"DayOfMonthVec\", \"StateHolidayVec\", \"SchoolHolidayVec\"))\n  .setOutputCol(\"features\")\n  \nval trainRaw \u003d uc.load(\"s3a://rossmannpoc/train.csv\").cache\n// sqlContext.dropTempTable(\"raw_training_data\")\ntrainRaw.registerTempTable(\"raw_training_data\")\nval train \u003d uc.sql(\"\"\"SELECT\n                     double(Sales) label, double(Store) Store, int(Open) Open, double(DayOfWeek) DayOfWeek,\n                    double(StateHoliday) StateHoliday, double(SchoolHoliday) SchoolHoliday, \n                    (double(regexp_extract(Date, \u0027\\\\d+-\\\\d+-(\\\\d+)\u0027, 1))) DayOfMonth, date\n                    FROM raw_training_data where date \u003e \u00272013-00-00\u0027 order by date\n                    \"\"\").na.drop().cache\ntrain.registerTempTable(\"training_data\")\n",
      "dateUpdated": "Aug 18, 2016 1:29:27 PM",
      "config": {
        "colWidth": 12.0,
        "editorMode": "ace/mode/scala",
        "graph": {
          "mode": "table",
          "height": 300.0,
          "optionOpen": false,
          "keys": [],
          "values": [],
          "groups": [],
          "scatter": {}
        },
        "enabled": true
      },
      "settings": {
        "params": {},
        "forms": {}
      },
      "jobName": "paragraph_1471537767154_-875857597",
      "id": "20160326-223134_1652994724",
      "result": {
        "code": "SUCCESS",
        "type": "TEXT",
        "msg": "import org.apache.spark.ml.feature.{StringIndexer, VectorAssembler, OneHotEncoder}\nimport org.apache.spark.ml.tuning.{ParamGridBuilder, TrainValidationSplit}\nimport org.apache.spark.ml.evaluation.RegressionEvaluator\nimport org.apache.spark.ml.regression.LinearRegression\nimport org.apache.spark.ml.Pipeline\nimport org.apache.spark.mllib.evaluation.RegressionMetrics\nimport eleflow.uberdata.core.data.Dataset._\nimport eleflow.uberdata.core.data.Dataset\nimport org.apache.spark.sql.types.StructType\nimport org.apache.spark.sql.types.StructType._\nimport org.apache.spark.sql.types._\nstateHolidayIndexer: org.apache.spark.ml.feature.StringIndexer \u003d strIdx_9a7fb6213ce4\nschoolHolidayIndexer: org.apache.spark.ml.feature.StringIndexer \u003d strIdx_2d9208a80c39\nstateHolidayEncoder: org.apache.spark.ml.feature.OneHotEncoder \u003d oneHot_c880ead0cdd1\nschoolHolidayEncoder: org.apache.spark.ml.feature.OneHotEncoder \u003d oneHot_0495f4e3269b\nstateHolidayEncoder: org.apache.spark.ml.feature.OneHotEncoder \u003d oneHot_4b83bfda4ea4\nschoolHolidayEncoder: org.apache.spark.ml.feature.OneHotEncoder \u003d oneHot_e86d6937721b\ndayOfMonthEncoder: org.apache.spark.ml.feature.OneHotEncoder \u003d oneHot_3a533d021681\ndayOfWeekEncoder: org.apache.spark.ml.feature.OneHotEncoder \u003d oneHot_7f08a9ba563a\nstoreEncoder: org.apache.spark.ml.feature.OneHotEncoder \u003d oneHot_fd7d971e5849\nassembler: org.apache.spark.ml.feature.VectorAssembler \u003d vecAssembler_2025535cd973\nlocalFileName:hdfs:///tmp/train.csv\nfile\ntrainRaw: org.apache.spark.sql.DataFrame \u003d [Store: bigint, DayOfWeek: bigint, Date: timestamp, Sales: bigint, Customers: bigint, Open: bigint, Promo: bigint, StateHoliday: string, SchoolHoliday: bigint]\ntrain: org.apache.spark.sql.DataFrame \u003d [label: double, Store: double, Open: int, DayOfWeek: double, StateHoliday: double, SchoolHoliday: double, DayOfMonth: double, date: timestamp]\n"
      },
      "dateCreated": "Aug 18, 2016 1:29:27 PM",
      "status": "READY",
      "errorMessage": "",
      "progressUpdateIntervalMs": 500
    },
    {
      "text": "%md ## Análise das Vendas por ano",
      "dateUpdated": "Aug 18, 2016 1:29:27 PM",
      "config": {
        "colWidth": 12.0,
        "editorMode": "ace/mode/markdown",
        "editorHide": true,
        "graph": {
          "mode": "table",
          "height": 300.0,
          "optionOpen": false,
          "keys": [],
          "values": [],
          "groups": [],
          "scatter": {}
        },
        "enabled": true
      },
      "settings": {
        "params": {},
        "forms": {}
      },
      "jobName": "paragraph_1471537767154_-875857597",
      "id": "20160326-223134_86833808",
      "result": {
        "code": "SUCCESS",
        "type": "HTML",
        "msg": "\u003ch2\u003eAnálise das Vendas por ano\u003c/h2\u003e\n"
      },
      "dateCreated": "Aug 18, 2016 1:29:27 PM",
      "status": "READY",
      "errorMessage": "",
      "progressUpdateIntervalMs": 500
    },
    {
      "text": "%sql select substring(date,0,7), sum(label) Sales from training_data group by substring(date,0,7) order by substring(date,0,7)",
      "dateUpdated": "Aug 18, 2016 1:29:27 PM",
      "config": {
        "colWidth": 12.0,
        "editorMode": "ace/mode/scala",
        "graph": {
          "mode": "lineChart",
          "height": 300.0,
          "optionOpen": false,
          "keys": [
            {
              "name": "_c0",
              "index": 0.0,
              "aggr": "sum"
            }
          ],
          "values": [
            {
              "name": "Sales",
              "index": 1.0,
              "aggr": "sum"
            }
          ],
          "groups": [],
          "scatter": {
            "xAxis": {
              "name": "_c0",
              "index": 0.0,
              "aggr": "sum"
            },
            "yAxis": {
              "name": "Sales",
              "index": 1.0,
              "aggr": "sum"
            }
          }
        },
        "enabled": true
      },
      "settings": {
        "params": {},
        "forms": {}
      },
      "jobName": "paragraph_1471537767154_-875857597",
      "id": "20160326-223134_1023230878",
      "result": {
        "code": "SUCCESS",
        "type": "TABLE",
        "msg": "_c0\tSales\n2013-01\t1.80025018E8\n2013-02\t1.71534275E8\n2013-03\t2.00966448E8\n2013-04\t1.83190356E8\n2013-05\t1.84037759E8\n2013-06\t1.80702351E8\n2013-07\t2.08843882E8\n2013-08\t1.97848663E8\n2013-09\t1.78053963E8\n2013-10\t1.87364494E8\n2013-11\t1.96090909E8\n2013-12\t2.31379379E8\n2014-01\t1.87609413E8\n2014-02\t1.78924677E8\n2014-03\t1.93019854E8\n2014-04\t1.94081624E8\n2014-05\t1.94162926E8\n2014-06\t1.89057578E8\n2014-07\t1.73892707E8\n2014-08\t1.63748475E8\n2014-09\t1.64516168E8\n2014-10\t1.63889252E8\n2014-11\t1.73233661E8\n2014-12\t2.01759968E8\n2015-01\t1.9868975E8\n2015-02\t1.78275458E8\n2015-03\t2.05631683E8\n2015-04\t1.97403492E8\n2015-05\t1.88290946E8\n2015-06\t2.06617023E8\n2015-07\t2.12322616E8\n"
      },
      "dateCreated": "Aug 18, 2016 1:29:27 PM",
      "status": "READY",
      "errorMessage": "",
      "progressUpdateIntervalMs": 500
    },
    {
      "text": "%md ##Treinamento e Seleção de Modelo Preditivo",
      "dateUpdated": "Aug 18, 2016 1:29:27 PM",
      "config": {
        "colWidth": 12.0,
        "editorMode": "ace/mode/scala",
        "editorHide": true,
        "graph": {
          "mode": "table",
          "height": 300.0,
          "optionOpen": false,
          "keys": [],
          "values": [],
          "groups": [],
          "scatter": {}
        },
        "enabled": true
      },
      "settings": {
        "params": {},
        "forms": {}
      },
      "jobName": "paragraph_1471537767154_-875857597",
      "id": "20160326-223134_1960544607",
      "result": {
        "code": "SUCCESS",
        "type": "HTML",
        "msg": "\u003ch2\u003eTreinamento e Seleção de Modelo Preditivo\u003c/h2\u003e\n"
      },
      "dateCreated": "Aug 18, 2016 1:29:27 PM",
      "status": "READY",
      "errorMessage": "",
      "progressUpdateIntervalMs": 500
    },
    {
      "text": "\ndef preppedLRPipeline():TrainValidationSplit \u003d {\n  val lr \u003d new LinearRegression()\n\n  val paramGrid \u003d new ParamGridBuilder()\n    .addGrid(lr.regParam, Array(0.5, 0.1, 0.05, 0.01, 0.005, 0.001))\n    .addGrid(lr.fitIntercept)\n    .addGrid(lr.elasticNetParam, Array(0.0, 0.25, 0.5, 0.75, 1.0))\n    .build()\n\n val pipeline \u003d new Pipeline()\n    .setStages(Array(stateHolidayIndexer, schoolHolidayIndexer,\n      stateHolidayEncoder, schoolHolidayEncoder, storeEncoder,\n      dayOfWeekEncoder, dayOfMonthEncoder,\n      assembler, lr))\n\n  val tvs \u003d new TrainValidationSplit()\n    .setEstimator(pipeline)\n    .setEvaluator(new RegressionEvaluator)\n    .setEstimatorParamMaps(paramGrid)\n    .setTrainRatio(0.75)\n  tvs\n}\n\nprintln(\"evaluating linear regression\")\n\nval training \u003d train.where (\"date \u003c\u00272015-01-00\u0027\")\nval test \u003d train.where (\"date \u003e \u00272015-01-00\u0027\")\nprintln(\"Fitting data\")\nval linearTvs \u003d preppedLRPipeline()\nval model \u003d linearTvs.fit(training)\nval holdout \u003d model.transform(test).select(\"date\", \"prediction\",\"label\")\nholdout.registerTempTable(\"test_forecast\")\n\n// have to do a type conversion for RegressionMetrics\nval rm \u003d new RegressionMetrics(holdout.rdd.map(x \u003d\u003e\n(x(1).asInstanceOf[Double], x(2).asInstanceOf[Double])))\n\nprintln(\"Test Metrics\")\nprintln(\"Test Explained Variance:\")\nprintln(rm.explainedVariance)\nprintln(\"Test R^2 Coef:\")\nprintln(rm.r2)\nprintln(\"Test MSE:\")\nprintln(rm.meanSquaredError)\nprintln(\"Test RMSE:\")\nprintln(rm.rootMeanSquaredError)\nprintln(\"Test ASME:\")\nprintln(rm.meanAbsoluteError)",
      "dateUpdated": "Aug 18, 2016 1:29:27 PM",
      "config": {
        "colWidth": 12.0,
        "editorMode": "ace/mode/scala",
        "graph": {
          "mode": "table",
          "height": 300.0,
          "optionOpen": false,
          "keys": [],
          "values": [],
          "groups": [],
          "scatter": {}
        },
        "enabled": true
      },
      "settings": {
        "params": {},
        "forms": {}
      },
      "jobName": "paragraph_1471537767155_-876242346",
      "id": "20160326-223134_589240050",
      "result": {
        "code": "SUCCESS",
        "type": "TEXT",
        "msg": "preppedLRPipeline: ()org.apache.spark.ml.tuning.TrainValidationSplit\nevaluating linear regression\ntraining: org.apache.spark.sql.DataFrame \u003d [label: double, Store: double, Open: int, DayOfWeek: double, StateHoliday: double, SchoolHoliday: double, DayOfMonth: double, date: timestamp]\ntest: org.apache.spark.sql.DataFrame \u003d [label: double, Store: double, Open: int, DayOfWeek: double, StateHoliday: double, SchoolHoliday: double, DayOfMonth: double, date: timestamp]\nFitting data\nlinearTvs: org.apache.spark.ml.tuning.TrainValidationSplit \u003d tvs_2cdad502db2a\nmodel: org.apache.spark.ml.tuning.TrainValidationSplitModel \u003d tvs_2cdad502db2a\nholdout: org.apache.spark.sql.DataFrame \u003d [date: timestamp, prediction: double, label: double]\nrm: org.apache.spark.mllib.evaluation.RegressionMetrics \u003d org.apache.spark.mllib.evaluation.RegressionMetrics@79241bea\nTest Metrics\nTest Explained Variance:\n1.0900845749579275E7\nTest R^2 Coef:\n0.7855326252487134\nTest MSE:\n3007127.441267638\nTest RMSE:\n1734.1071020175305\nTest ASME:\n1268.2313468712166\n"
      },
      "dateCreated": "Aug 18, 2016 1:29:27 PM",
      "status": "READY",
      "errorMessage": "",
      "progressUpdateIntervalMs": 500
    },
    {
      "text": "%md ##Comparação das Vendas Reais vs Forecat ",
      "dateUpdated": "Aug 18, 2016 1:29:27 PM",
      "config": {
        "colWidth": 12.0,
        "editorMode": "ace/mode/markdown",
        "editorHide": true,
        "graph": {
          "mode": "table",
          "height": 106.0,
          "optionOpen": false,
          "keys": [],
          "values": [],
          "groups": [],
          "scatter": {}
        },
        "enabled": true
      },
      "settings": {
        "params": {},
        "forms": {}
      },
      "jobName": "paragraph_1471537767155_-876242346",
      "id": "20160326-223134_1099272315",
      "result": {
        "code": "SUCCESS",
        "type": "HTML",
        "msg": "\u003ch2\u003eComparação das Vendas Reais vs Forecat\u003c/h2\u003e\n"
      },
      "dateCreated": "Aug 18, 2016 1:29:27 PM",
      "status": "READY",
      "errorMessage": "",
      "progressUpdateIntervalMs": 500
    },
    {
      "text": "%sql select substring(date,0,7) date, sum(label) ActualSales,sum(prediction) ForecastSales from test_forecast group by substring(date,0,7) order by substring(date,0,7)",
      "dateUpdated": "Aug 18, 2016 1:29:27 PM",
      "config": {
        "colWidth": 12.0,
        "editorMode": "ace/mode/scala",
        "graph": {
          "mode": "lineChart",
          "height": 300.0,
          "optionOpen": false,
          "keys": [
            {
              "name": "date",
              "index": 0.0,
              "aggr": "sum"
            }
          ],
          "values": [
            {
              "name": "ActualSales",
              "index": 1.0,
              "aggr": "sum"
            },
            {
              "name": "ForecastSales",
              "index": 2.0,
              "aggr": "sum"
            }
          ],
          "groups": [],
          "scatter": {
            "xAxis": {
              "name": "date",
              "index": 0.0,
              "aggr": "sum"
            },
            "yAxis": {
              "name": "ActualSales",
              "index": 1.0,
              "aggr": "sum"
            }
          }
        },
        "enabled": true
      },
      "settings": {
        "params": {},
        "forms": {}
      },
      "jobName": "paragraph_1471537767155_-876242346",
      "id": "20160326-223134_397593190",
      "result": {
        "code": "SUCCESS",
        "type": "TABLE",
        "msg": "date\tActualSales\tForecastSales\n2015-01\t1.9868975E8\t1.975377154475441E8\n2015-02\t1.78275458E8\t1.8378062951183456E8\n2015-03\t2.05631683E8\t2.0328961029461998E8\n2015-04\t1.97403492E8\t1.823501780667314E8\n2015-05\t1.88290946E8\t1.7718332524421847E8\n2015-06\t2.06617023E8\t1.9735249170354712E8\n2015-07\t2.12322616E8\t2.0787920899461758E8\n"
      },
      "dateCreated": "Aug 18, 2016 1:29:27 PM",
      "status": "READY",
      "errorMessage": "",
      "progressUpdateIntervalMs": 500
    },
    {
      "text": "%sql select substring(date,0,7) date, (sum(prediction) - sum(label) )/sum(label)*100 ErrorPercentage from test_forecast group by substring(date,0,7) order by substring(date,0,7)",
      "dateUpdated": "Aug 18, 2016 1:29:27 PM",
      "config": {
        "colWidth": 12.0,
        "editorMode": "ace/mode/scala",
        "graph": {
          "mode": "multiBarChart",
          "height": 300.0,
          "optionOpen": false,
          "keys": [
            {
              "name": "date",
              "index": 0.0,
              "aggr": "sum"
            }
          ],
          "values": [
            {
              "name": "ErrorPercentage",
              "index": 1.0,
              "aggr": "sum"
            }
          ],
          "groups": [],
          "scatter": {
            "xAxis": {
              "name": "date",
              "index": 0.0,
              "aggr": "sum"
            }
          }
        },
        "enabled": true
      },
      "settings": {
        "params": {},
        "forms": {}
      },
      "jobName": "paragraph_1471537767155_-876242346",
      "id": "20160326-223134_1057700030",
      "result": {
        "code": "SUCCESS",
        "type": "TABLE",
        "msg": "date\tErrorPercentage\n2015-01\t-0.5798157944513654\n2015-02\t3.0880142301104403\n2015-03\t-1.1389649061910476\n2015-04\t-7.625657368446453\n2015-05\t-5.899179430423347\n2015-06\t-4.483914811052562\n2015-07\t-2.0927619907350747\n"
      },
      "dateCreated": "Aug 18, 2016 1:29:27 PM",
      "status": "READY",
      "errorMessage": "",
      "progressUpdateIntervalMs": 500
    },
    {
      "text": "//uc.terminate",
      "dateUpdated": "Aug 18, 2016 1:29:27 PM",
      "config": {
        "colWidth": 12.0,
        "editorMode": "ace/mode/scala",
        "graph": {
          "mode": "table",
          "height": 300.0,
          "optionOpen": false,
          "keys": [],
          "values": [],
          "groups": [],
          "scatter": {}
        },
        "enabled": true
      },
      "settings": {
        "params": {},
        "forms": {}
      },
      "jobName": "paragraph_1471537767155_-876242346",
      "id": "20160326-223134_1685586219",
      "result": {
        "code": "SUCCESS",
        "type": "TEXT",
        "msg": ""
      },
      "dateCreated": "Aug 18, 2016 1:29:27 PM",
      "status": "READY",
      "errorMessage": "",
      "progressUpdateIntervalMs": 500
    },
    {
      "dateUpdated": "Aug 18, 2016 1:29:27 PM",
      "config": {
        "colWidth": 12.0,
        "graph": {
          "mode": "table",
          "height": 300.0,
          "optionOpen": false,
          "keys": [],
          "values": [],
          "groups": [],
          "scatter": {}
        },
        "enabled": true
      },
      "settings": {
        "params": {},
        "forms": {}
      },
      "jobName": "paragraph_1471537767155_-876242346",
      "id": "20160326-230846_166949387",
      "dateCreated": "Aug 18, 2016 1:29:27 PM",
      "status": "READY",
      "errorMessage": "",
      "progressUpdateIntervalMs": 500
    }
  ],
  "name": "Forecast De Vendas",
  "id": "2BTVGMJ9M",
  "angularObjects": {
    "2BWDJCF3T:shared_process": [],
    "2BW5FW69D:shared_process": [],
    "2BVVEQ63A:shared_process": [],
    "2BT4MURYJ:shared_process": []
  },
  "config": {},
  "info": {}
}