{
  "interpreterSettings": {
    "2BWDJCF3T": {
      "id": "2BWDJCF3T",
      "name": "git",
      "group": "git",
      "properties": {},
      "interpreterGroup": [
        {
          "class": "org.apache.zeppelin.spark.IUberdataShellInterpreter",
          "name": "git"
        }
      ],
      "dependencies": [],
      "option": {
        "remote": true,
        "perNoteSession": false,
        "perNoteProcess": false,
        "isExistingProcess": false
      }
    },
    "2BT4MURYJ": {
      "id": "2BT4MURYJ",
      "name": "md",
      "group": "md",
      "properties": {
        "zeppelin.interpreter.localRepo": "/usr/share/zeppelin/local-repo/2BT4MURYJ"
      },
      "interpreterGroup": [
        {
          "class": "org.apache.zeppelin.markdown.Markdown",
          "name": "md"
        }
      ],
      "dependencies": [],
      "option": {
        "remote": true,
        "perNoteSession": false,
        "perNoteProcess": false,
        "isExistingProcess": false
      }
    },
    "2BVVEQ63A": {
      "id": "2BVVEQ63A",
      "name": "iuberdata",
      "group": "iuberdata",
      "properties": {
        "zeppelin.spark.maxResult": "1000",
        "zeppelin.dep.localrepo": "local-repo",
        "zeppelin.sparkr.r": "Rscript",
        "iuberdata.setup.classes": "eleflow.uberdata.core.InterpreterSetup",
        "zeppelin.spark.useHiveContext": "true",
        "zeppelin.interpreter.localRepo": "/usr/share/zeppelin/local-repo/2BVVEQ63A",
        "args": "",
        "zeppelin.spark.concurrentSQL": "false",
        "spark.home": "/opt/spark",
        "zeppelin.pyspark.python": "python",
        "zeppelin.dep.additionalRemoteRepository": "spark-packages,http://dl.bintray.com/spark-packages/maven,false;"
      },
      "interpreterGroup": [
        {
          "class": "org.apache.zeppelin.spark.IUberSparkInterpreter",
          "name": "iuberdata"
        },
        {
          "class": "org.apache.zeppelin.spark.SparkRInterpreter",
          "name": "r"
        },
        {
          "class": "org.apache.zeppelin.spark.PySparkInterpreter",
          "name": "pyspark"
        },
        {
          "class": "org.apache.zeppelin.spark.IUberdataSparkSqlInterpreter",
          "name": "sql"
        },
        {
          "class": "org.apache.zeppelin.spark.DepInterpreter",
          "name": "dep"
        }
      ],
      "dependencies": [],
      "option": {
        "remote": true,
        "perNoteSession": false,
        "perNoteProcess": false,
        "isExistingProcess": false
      }
    },
    "2BW5FW69D": {
      "id": "2BW5FW69D",
      "name": "angular",
      "group": "angular",
      "properties": {},
      "interpreterGroup": [
        {
          "class": "org.apache.zeppelin.angular.AngularInterpreter",
          "name": "angular"
        }
      ],
      "dependencies": [],
      "option": {
        "remote": true,
        "perNoteSession": false,
        "perNoteProcess": false,
        "isExistingProcess": false
      }
    }
  },
  "interpreterBindings": {
    "2BV3QRNG8": [
      "2BVVEQ63A",
      "2BWDJCF3T",
      "2BT4MURYJ",
      "2BW5FW69D"
    ],
    "2BUYU1ETH": [
      "2BVVEQ63A",
      "2BWDJCF3T",
      "2BT4MURYJ",
      "2BW5FW69D"
    ],
    "2BWC5P64A": [
      "2BVVEQ63A",
      "2BWDJCF3T",
      "2BT4MURYJ",
      "2BW5FW69D"
    ],
    "2BTVGMJ9M": [
      "2BVVEQ63A",
      "2BWDJCF3T",
      "2BT4MURYJ",
      "2BW5FW69D"
    ]
  },
  "interpreterRepositories": [
    {
      "id": "central",
      "type": "default",
      "url": "http://repo1.maven.org/maven2/",
      "releasePolicy": {
        "enabled": true,
        "updatePolicy": "daily",
        "checksumPolicy": "warn"
      },
      "snapshotPolicy": {
        "enabled": true,
        "updatePolicy": "daily",
        "checksumPolicy": "warn"
      },
      "mirroredRepositories": [],
      "repositoryManager": false
    },
    {
      "id": "local",
      "type": "default",
      "url": "file:///home/caio.martins/.m2/repository",
      "releasePolicy": {
        "enabled": true,
        "updatePolicy": "daily",
        "checksumPolicy": "warn"
      },
      "snapshotPolicy": {
        "enabled": true,
        "updatePolicy": "daily",
        "checksumPolicy": "warn"
      },
      "mirroredRepositories": [],
      "repositoryManager": false
    },
    {
      "id": "local",
      "type": "default",
      "url": "file:///home/caio/.m2/repository",
      "releasePolicy": {
        "enabled": true,
        "updatePolicy": "daily",
        "checksumPolicy": "warn"
      },
      "snapshotPolicy": {
        "enabled": true,
        "updatePolicy": "daily",
        "checksumPolicy": "warn"
      },
      "mirroredRepositories": [],
      "repositoryManager": false
    }
  ]
}