{"paragraphs":[{"text":"%md #Git Notebook\nThis notebook help you to setup the git source control system to control your notebook code\nFirst you will need to get the key of this server and add it to your git server account, to do that you will need to execute the following command","dateUpdated":"Sep 23, 2015 6:36:44 PM","config":{"colWidth":12.0,"graph":{"mode":"table","height":300.0,"optionOpen":false,"keys":[],"values":[],"groups":[],"scatter":{}},"editorMode":"ace/mode/markdown","editorHide":true},"settings":{"params":{},"forms":{}},"jobName":"paragraph_1443032392516_-1738008373","id":"20150923-181952_726043864","result":{"code":"SUCCESS","type":"HTML","msg":"\u003ch1\u003eGit Notebook\u003c/h1\u003e\n\u003cp\u003eThis notebook help you to setup the git source control system to control your notebook code\n\u003cbr  /\u003eFirst you will need to get the key of this server and add it to your git server account, to do that you will need to execute the following command\u003c/p\u003e\n"},"dateCreated":"Sep 23, 2015 6:19:52 PM","dateStarted":"Sep 23, 2015 6:36:41 PM","dateFinished":"Sep 23, 2015 6:36:41 PM","status":"FINISHED","progressUpdateIntervalMs":500},{"text":"%sh cat ~/.ssh/id_rsa.pub","dateUpdated":"Sep 23, 2015 6:36:50 PM","config":{"colWidth":12.0,"graph":{"mode":"table","height":300.0,"optionOpen":false,"keys":[],"values":[],"groups":[],"scatter":{}}},"settings":{"params":{},"forms":{}},"jobName":"paragraph_1443033295053_2024333461","id":"20150923-183455_143790040","dateCreated":"Sep 23, 2015 6:34:55 PM","status":"READY","progressUpdateIntervalMs":500},{"text":"%md The second step is to add your git server to the know_hosts file. Remember to change the YOUR_GIT_HOST to the host of your git server","dateUpdated":"Sep 23, 2015 6:37:48 PM","config":{"colWidth":12.0,"graph":{"mode":"table","height":300.0,"optionOpen":false,"keys":[],"values":[],"groups":[],"scatter":{}},"editorMode":"ace/mode/markdown","editorHide":true},"settings":{"params":{},"forms":{}},"jobName":"paragraph_1443033411896_-514069572","id":"20150923-183651_959310135","result":{"code":"SUCCESS","type":"HTML","msg":"\u003cp\u003eThe second step is to add your git server to the know_hosts file. Remember to change the YOUR_GIT_HOST to the host of your git server\u003c/p\u003e\n"},"dateCreated":"Sep 23, 2015 6:36:51 PM","dateStarted":"Sep 23, 2015 6:37:45 PM","dateFinished":"Sep 23, 2015 6:37:45 PM","status":"FINISHED","progressUpdateIntervalMs":500},{"text":"%sh ssh-keyscan YOUR_GIT_HOST \u003e\u003e ~/.ssh/known_hosts","dateUpdated":"Sep 23, 2015 6:38:50 PM","config":{"colWidth":12.0,"graph":{"mode":"table","height":300.0,"optionOpen":false,"keys":[],"values":[],"groups":[],"scatter":{}}},"settings":{"params":{},"forms":{}},"jobName":"paragraph_1443033236876_-1775305470","id":"20150923-183356_2025749656","result":{"code":"ERROR","type":"TEXT","msg":"Process exited with an error: 255 (Exit value: 255)"},"dateCreated":"Sep 23, 2015 6:33:56 PM","dateStarted":"Sep 23, 2015 6:38:50 PM","dateFinished":"Sep 23, 2015 6:38:50 PM","status":"ERROR","progressUpdateIntervalMs":500},{"text":"%md Now you are able to clone your repositories like you do in a normal shell.","dateUpdated":"Sep 23, 2015 6:39:13 PM","config":{"colWidth":12.0,"graph":{"mode":"table","height":300.0,"optionOpen":false,"keys":[],"values":[],"groups":[],"scatter":{}},"editorMode":"ace/mode/markdown","editorHide":true},"settings":{"params":{},"forms":{}},"jobName":"paragraph_1443033479286_-401814838","id":"20150923-183759_732545816","result":{"code":"SUCCESS","type":"HTML","msg":"\u003cp\u003eNow you are able to clone your repositories like you do in a normal shell.\u003c/p\u003e\n"},"dateCreated":"Sep 23, 2015 6:37:59 PM","dateStarted":"Sep 23, 2015 6:39:11 PM","dateFinished":"Sep 23, 2015 6:39:11 PM","status":"FINISHED","progressUpdateIntervalMs":500},{"text":"%sh cd /usr/share/zeppelin/notebook\ngit clone git@YOUR_GIT_HOST/YOUR_GIT.git","dateUpdated":"Sep 23, 2015 6:38:54 PM","config":{"colWidth":12.0,"graph":{"mode":"table","height":300.0,"optionOpen":false,"keys":[],"values":[],"groups":[],"scatter":{}},"editorMode":"ace/mode/sh"},"settings":{"params":{},"forms":{}},"jobName":"paragraph_1443032404172_15893296","id":"20150923-182004_212850517","result":{"code":"ERROR","type":"TEXT","msg":"Process exited with an error: 128 (Exit value: 128)"},"dateCreated":"Sep 23, 2015 6:20:04 PM","dateStarted":"Sep 23, 2015 6:38:54 PM","dateFinished":"Sep 23, 2015 6:38:54 PM","status":"ERROR","progressUpdateIntervalMs":500},{"config":{},"settings":{"params":{},"forms":{}},"jobName":"paragraph_1443032848889_-156850737","id":"20150923-182728_361865828","dateCreated":"Sep 23, 2015 6:27:28 PM","status":"READY","progressUpdateIntervalMs":500}],"name":"shell","id":"2B1SH2W1J","angularObjects":{"2AY8N7XYP":[],"2AZYH4TQB":[],"2AYQHM171":[],"2AZ73YMQG":[]},"config":{},"info":{}}